{"cameraMode":{"drawMode":0,"name":"Shaded","section":"Shading Mode"},"sceneLighting":true,"audioPlay":false,"sceneViewState":{"showFog":true,"showMaterialUpdate":false,"showSkybox":true,"showFlares":true,"showImageEffects":true,"showParticleSystems":true},"in2DMode":false,"pivot":{"x":189.52891540527345,"y":13.642840385437012,"z":-127.25928497314453},"rotation":{"x":0.12836402654647828,"y":0.3344944417476654,"z":-0.04605957865715027,"w":0.9325175881385803},"size":0.9538918137550354,"orthographic":false}